{
  "train_loss": [
    0.06858007271119979,
    0.0057703180799318,
    0.0015751922325583808,
    0.0005060891199257919,
    0.0005299695452951911,
    0.0005107136976759201,
    0.010876366520386822,
    0.0003445489013917434,
    0.0002563216253606959,
    0.0013462007802378857,
    0.00014164333535951265,
    6.848218981751056e-05,
    6.189839198081247e-05,
    8.714039477696991e-05,
    3.824435287262729e-05,
    4.9463714175929526e-05,
    5.1707422547002296e-05,
    0.007132625616001677,
    0.00038882274447998426,
    0.0023935364132653225
  ],
  "train_acc": [
    0.9908795248868778,
    0.9987980769230769,
    0.9996464932126696,
    0.9999292986425339,
    0.9998585972850679,
    0.9998585972850679,
    0.9973840497737556,
    0.9999292986425339,
    1.0,
    0.9996464932126696,
    1.0,
    1.0,
    1.0,
    1.0,
    1.0,
    1.0,
    1.0,
    0.997737556561086,
    0.9999292986425339,
    0.9997878959276018
  ],
  "val_loss": [
    3.476750253867462e-08,
    0.00046912536515735485,
    2.1597492595263706e-08,
    6.408170465870771e-09,
    2.4895176463522894e-09,
    6.742262240517278e-08,
    4.64998767096208e-08,
    1.1866996101833e-08,
    3.8912401393926327e-07,
    5.07568750222435e-07,
    8.873411516180991e-08,
    5.999799474033631e-08,
    1.6110788808710985e-07,
    4.1181697424027183e-07,
    4.2131345559958e-07,
    4.106423380613301e-06,
    7.949919655914073e-07,
    5.191642801349871e-06,
    2.6539210686848944e-07,
    1.570820719912152e-05
  ],
  "val_acc": [
    1.0,
    0.9996513249651325,
    1.0,
    1.0,
    1.0,
    1.0,
    1.0,
    1.0,
    1.0,
    1.0,
    1.0,
    1.0,
    1.0,
    1.0,
    1.0,
    1.0,
    1.0,
    1.0,
    1.0,
    1.0
  ],
  "learning_rate": [
    0.001,
    0.001,
    0.001,
    0.001,
    0.001,
    0.001,
    0.001,
    0.001,
    0.001,
    0.001,
    0.001,
    0.0005,
    0.0005,
    0.0005,
    0.0005,
    0.0005,
    0.0005,
    0.00025,
    0.00025,
    0.00025
  ]
}